Age,Annual_Income,Credit_Score,Loan_Amount,Loan_Duration_Years,Number_of_Open_Accounts,Had_Past_Default,Loan_Approval
35.0,107770.0,331.0,31580.0,28,13.0,0,0
52.0,,636.0,9012.0,5,14.0,0,1
56.0,160017.0,809.0,45310.0,19,13.0,1,1
52.0,41654.0,422.0,47966.0,17,7.0,1,0
30.0,73198.0,414.0,35636.0,2,3.0,1,1
43.0,148228.0,515.0,35112.0,22,9.0,1,0
32.0,61335.0,516.0,31984.0,9,6.0,0,0
68.0,43272.0,824.0,35806.0,27,9.0,0,1
18.0,32745.0,502.0,47007.0,4,14.0,0,0
42.0,49923.0,433.0,27276.0,1,10.0,1,1
36.0,185042.0,642.0,27576.0,16,12.0,1,0
62.0,186182.0,618.0,23961.0,25,9.0,1,1
35.0,103356.0,834.0,39652.0,23,12.0,1,0
34.0,56977.0,552.0,19827.0,20,1.0,0,0
21.0,,414.0,27613.0,15,8.0,1,1
47.0,96986.0,469.0,17390.0,28,3.0,1,0
28.0,66170.0,818.0,13486.0,28,14.0,0,1
47.0,199604.0,433.0,13522.0,15,12.0,1,1
59.0,57558.0,833.0,28830.0,27,3.0,0,0
58.0,81986.0,709.0,23908.0,5,12.0,0,1
28.0,37157.0,430.0,25390.0,4,4.0,0,0
67.0,101256.0,541.0,31452.0,22,6.0,0,1
61.0,121105.0,470.0,7766.0,26,12.0,1,1
52.0,48168.0,527.0,30420.0,13,11.0,0,0
27.0,88693.0,414.0,25195.0,24,3.0,0,1
64.0,67201.0,495.0,37154.0,8,6.0,0,1
38.0,49760.0,779.0,46235.0,18,12.0,0,0
41.0,169855.0,340.0,47136.0,20,11.0,1,1
28.0,66166.0,723.0,26698.0,2,4.0,1,1
47.0,91672.0,309.0,23808.0,24,4.0,0,1
27.0,140664.0,364.0,5006.0,7,1.0,0,0
47.0,102726.0,723.0,49361.0,27,13.0,0,1
63.0,40608.0,511.0,43788.0,28,7.0,0,1
63.0,190391.0,406.0,,6,6.0,1,0
45.0,177999.0,435.0,26992.0,11,8.0,0,1
35.0,130991.0,651.0,17959.0,15,10.0,0,0
42.0,78562.0,808.0,28564.0,25,10.0,1,0
42.0,88505.0,332.0,8147.0,24,13.0,1,0
23.0,94536.0,584.0,23920.0,8,12.0,1,0
69.0,52914.0,651.0,29009.0,16,10.0,0,1
28.0,60385.0,385.0,13586.0,23,9.0,0,1
,108360.0,511.0,18484.0,28,10.0,1,0
69.0,153768.0,717.0,40178.0,8,12.0,0,0
43.0,67106.0,670.0,32206.0,28,8.0,0,1
31.0,76465.0,681.0,12773.0,13,4.0,0,1
19.0,136010.0,783.0,9673.0,3,4.0,0,1
22.0,58564.0,373.0,17639.0,12,14.0,0,0
46.0,169701.0,581.0,15467.0,14,3.0,0,0
33.0,67068.0,798.0,37115.0,14,10.0,0,1
51.0,119496.0,696.0,24607.0,14,11.0,0,1
32.0,98313.0,621.0,34951.0,3,8.0,1,0
61.0,80656.0,739.0,48765.0,21,11.0,1,0
36.0,183450.0,822.0,43896.0,13,12.0,0,1
64.0,65276.0,387.0,49277.0,1,5.0,1,1
54.0,33300.0,487.0,10549.0,28,13.0,0,1
35.0,146423.0,650.0,11464.0,16,1.0,0,1
67.0,168078.0,651.0,19079.0,18,14.0,0,0
54.0,133665.0,347.0,16476.0,14,1.0,0,1
39.0,57001.0,592.0,49615.0,12,6.0,0,0
44.0,162228.0,694.0,22086.0,9,4.0,1,1
27.0,150137.0,393.0,45309.0,23,11.0,0,0
37.0,45271.0,699.0,20122.0,19,3.0,1,0
41.0,181958.0,772.0,21185.0,21,11.0,1,0
27.0,,735.0,17410.0,13,9.0,1,0
62.0,55650.0,,36251.0,14,8.0,0,1
64.0,90780.0,640.0,19977.0,25,2.0,1,0
66.0,95836.0,400.0,30710.0,17,6.0,0,1
21.0,35133.0,398.0,22337.0,6,8.0,0,1
32.0,55870.0,699.0,11416.0,12,11.0,0,1
23.0,125404.0,583.0,49278.0,16,13.0,0,1
59.0,38893.0,817.0,26407.0,1,,1,0
37.0,195475.0,359.0,47734.0,1,7.0,0,0
35.0,165251.0,747.0,33970.0,16,14.0,0,0
35.0,66508.0,654.0,36069.0,6,2.0,0,0
20.0,36551.0,553.0,6238.0,22,8.0,0,1
,177275.0,516.0,18410.0,29,1.0,1,1
29.0,38220.0,407.0,46506.0,12,13.0,1,0
65.0,137514.0,572.0,25662.0,14,11.0,0,1
36.0,173120.0,691.0,6917.0,16,10.0,0,0
50.0,170478.0,474.0,38434.0,19,1.0,0,1
49.0,103258.0,422.0,13649.0,29,13.0,1,0
40.0,152506.0,609.0,22397.0,23,10.0,0,1
65.0,99347.0,,23185.0,23,14.0,0,1
44.0,39092.0,513.0,26035.0,4,8.0,1,0
41.0,124791.0,706.0,22296.0,6,8.0,1,1
47.0,123048.0,547.0,26087.0,18,7.0,0,0
60.0,121675.0,726.0,36597.0,17,3.0,1,1
61.0,190305.0,521.0,24664.0,12,7.0,1,0
56.0,79872.0,430.0,37295.0,4,10.0,0,0
61.0,79450.0,411.0,22951.0,19,4.0,1,0
53.0,111230.0,371.0,6172.0,10,12.0,1,1
52.0,75886.0,717.0,20900.0,28,,1,1
37.0,109275.0,364.0,35940.0,16,6.0,1,0
34.0,45956.0,,,1,9.0,1,0
67.0,40769.0,560.0,49418.0,24,6.0,1,0
53.0,,587.0,38226.0,10,9.0,0,1
56.0,46858.0,798.0,15465.0,2,9.0,0,1
,195052.0,825.0,20197.0,29,7.0,0,1
29.0,93444.0,581.0,19913.0,16,11.0,1,1
67.0,164555.0,605.0,25264.0,27,11.0,0,1
29.0,108009.0,732.0,23865.0,4,2.0,0,0
,70995.0,619.0,27748.0,18,4.0,1,0
51.0,129151.0,613.0,10614.0,7,12.0,0,0
,74315.0,623.0,41960.0,9,3.0,1,1
61.0,168582.0,713.0,37064.0,8,14.0,1,1
27.0,133845.0,848.0,48615.0,9,12.0,1,0
45.0,46269.0,833.0,9396.0,2,7.0,0,1
21.0,190538.0,539.0,19871.0,3,5.0,1,1
33.0,80610.0,615.0,34879.0,15,8.0,1,0
31.0,163300.0,795.0,27981.0,10,9.0,0,1
18.0,166907.0,326.0,33571.0,13,14.0,1,1
59.0,158284.0,,26466.0,27,14.0,0,1
30.0,131863.0,655.0,43664.0,23,5.0,0,0
50.0,198933.0,804.0,18022.0,22,14.0,1,1
41.0,183399.0,505.0,22936.0,26,5.0,1,1
57.0,37061.0,829.0,22088.0,6,2.0,0,1
48.0,40748.0,601.0,22545.0,17,2.0,1,1
38.0,113822.0,763.0,38098.0,26,7.0,0,1
18.0,147215.0,538.0,26195.0,1,14.0,0,1
62.0,142032.0,442.0,15418.0,16,12.0,0,1
53.0,116607.0,774.0,36454.0,28,9.0,0,0
55.0,53255.0,569.0,35870.0,10,5.0,0,0
20.0,65090.0,718.0,26915.0,19,7.0,1,1
57.0,146689.0,641.0,44855.0,5,11.0,0,1
59.0,126229.0,800.0,23505.0,29,9.0,1,1
21.0,167073.0,469.0,8893.0,4,13.0,0,0
28.0,160168.0,566.0,33987.0,23,14.0,1,1
59.0,34890.0,,20756.0,5,7.0,0,0
51.0,39114.0,339.0,8597.0,9,11.0,0,1
39.0,151530.0,414.0,7428.0,18,3.0,0,1
35.0,35119.0,739.0,34263.0,3,14.0,1,0
67.0,164617.0,659.0,14788.0,2,3.0,1,0
48.0,172003.0,610.0,37060.0,15,4.0,1,0
36.0,64254.0,385.0,25594.0,22,,1,1
45.0,84603.0,802.0,32224.0,15,8.0,1,0
47.0,98784.0,450.0,31843.0,4,11.0,1,1
31.0,150365.0,358.0,21183.0,4,11.0,0,1
36.0,182440.0,624.0,38967.0,6,10.0,1,0
32.0,111139.0,594.0,49249.0,3,1.0,1,1
28.0,140217.0,372.0,8588.0,12,4.0,0,1
48.0,166742.0,362.0,30070.0,17,10.0,0,0
19.0,79151.0,541.0,48824.0,7,2.0,0,0
,59465.0,673.0,25053.0,25,5.0,0,0
,79583.0,789.0,27696.0,10,3.0,0,0
33.0,119306.0,802.0,13004.0,1,3.0,1,0
23.0,65223.0,,30234.0,25,10.0,1,0
65.0,110379.0,765.0,26887.0,25,11.0,0,1
37.0,144633.0,619.0,29109.0,7,6.0,1,0
34.0,71665.0,702.0,40314.0,19,11.0,1,0
28.0,52064.0,619.0,45483.0,9,8.0,1,0
,31305.0,629.0,47992.0,24,14.0,1,0
48.0,34843.0,491.0,19047.0,7,6.0,1,1
21.0,87842.0,495.0,18564.0,25,11.0,1,1
33.0,60430.0,311.0,23780.0,1,,1,1
34.0,191002.0,600.0,29909.0,2,6.0,1,0
65.0,45217.0,807.0,19727.0,23,3.0,0,1
38.0,143587.0,554.0,46784.0,11,4.0,1,1
19.0,191708.0,512.0,5087.0,4,6.0,1,0
20.0,194500.0,648.0,35320.0,22,1.0,0,1
36.0,191228.0,421.0,43969.0,18,6.0,1,0
52.0,47096.0,407.0,42390.0,16,12.0,0,1
51.0,121410.0,632.0,25975.0,2,2.0,0,1
34.0,120135.0,340.0,31867.0,7,2.0,0,1
36.0,48849.0,524.0,6519.0,16,1.0,0,0
60.0,90135.0,633.0,19278.0,7,14.0,1,1
20.0,57374.0,468.0,35873.0,3,8.0,1,1
18.0,167406.0,814.0,12347.0,2,1.0,0,1
33.0,80110.0,779.0,48750.0,20,2.0,1,1
52.0,142504.0,333.0,27467.0,24,2.0,1,1
49.0,194188.0,812.0,5938.0,1,4.0,1,1
59.0,131241.0,627.0,16057.0,29,10.0,1,0
56.0,167066.0,316.0,35017.0,25,7.0,1,0
67.0,168762.0,482.0,20128.0,14,13.0,0,1
57.0,64535.0,474.0,22180.0,26,10.0,0,1
66.0,163223.0,500.0,24576.0,8,1.0,1,0
41.0,90726.0,837.0,47165.0,25,6.0,0,1
59.0,68979.0,597.0,28499.0,20,9.0,1,0
42.0,64238.0,390.0,15747.0,25,4.0,1,0
34.0,32503.0,456.0,10612.0,1,12.0,0,1
48.0,185687.0,332.0,6768.0,14,3.0,0,1
67.0,67395.0,465.0,46300.0,27,13.0,1,1
66.0,65286.0,650.0,21338.0,24,10.0,1,0
22.0,184936.0,673.0,6730.0,12,4.0,1,1
64.0,70252.0,642.0,24652.0,28,3.0,1,1
44.0,65990.0,655.0,29365.0,7,3.0,0,1
29.0,175440.0,425.0,19394.0,25,4.0,0,1
51.0,109021.0,471.0,16704.0,1,14.0,0,1
18.0,127816.0,520.0,47398.0,25,7.0,1,0
28.0,132044.0,471.0,,13,6.0,0,0
65.0,77909.0,590.0,33320.0,3,14.0,1,0
57.0,56346.0,568.0,31650.0,17,2.0,0,0
25.0,117297.0,687.0,,25,14.0,1,0
56.0,65955.0,643.0,15673.0,3,6.0,0,0
28.0,139849.0,423.0,,23,3.0,0,1
54.0,161539.0,377.0,31439.0,8,7.0,1,1
67.0,197320.0,,9062.0,11,3.0,0,1
61.0,149065.0,485.0,25600.0,9,7.0,0,1
38.0,135691.0,505.0,44913.0,25,6.0,0,0
54.0,78339.0,362.0,49524.0,17,10.0,1,0
66.0,118220.0,723.0,46392.0,14,14.0,1,0
24.0,176195.0,806.0,12593.0,1,1.0,1,1
67.0,42458.0,469.0,31670.0,26,11.0,1,0
32.0,174981.0,439.0,28203.0,2,14.0,1,1
51.0,150149.0,599.0,6304.0,28,2.0,1,1
32.0,135253.0,344.0,47709.0,12,8.0,1,1
19.0,83030.0,647.0,25354.0,29,1.0,0,0
30.0,105525.0,416.0,37997.0,14,5.0,0,1
62.0,150846.0,764.0,8742.0,12,13.0,1,1
42.0,113891.0,,49272.0,3,8.0,1,0
53.0,,688.0,46286.0,8,4.0,1,0
59.0,105572.0,456.0,23210.0,15,9.0,1,0
64.0,145052.0,574.0,32354.0,23,13.0,0,0
48.0,169039.0,767.0,45704.0,5,8.0,0,1
30.0,50210.0,748.0,19059.0,9,6.0,0,1
20.0,193427.0,623.0,10762.0,24,4.0,0,1
36.0,120224.0,311.0,42784.0,6,4.0,1,0
31.0,178317.0,397.0,27018.0,23,1.0,0,0
22.0,144148.0,809.0,36027.0,17,7.0,0,0
57.0,89008.0,765.0,34962.0,22,5.0,1,1
20.0,125325.0,388.0,47438.0,26,5.0,0,1
63.0,121892.0,811.0,45166.0,22,5.0,1,0
19.0,141735.0,417.0,48193.0,18,12.0,1,1
65.0,145615.0,744.0,6701.0,10,7.0,0,0
,35931.0,373.0,34664.0,6,7.0,1,1
34.0,54905.0,397.0,42263.0,16,9.0,1,0
43.0,180729.0,519.0,15743.0,4,4.0,0,0
57.0,126975.0,418.0,39524.0,1,12.0,0,1
18.0,139756.0,,6827.0,6,9.0,1,0
54.0,144957.0,822.0,13741.0,2,14.0,0,1
53.0,64314.0,601.0,46569.0,24,11.0,0,1
24.0,61440.0,748.0,38477.0,13,1.0,0,1
37.0,180110.0,324.0,31560.0,18,14.0,1,1
54.0,133043.0,791.0,10421.0,22,3.0,1,1
67.0,52986.0,434.0,16620.0,5,8.0,1,0
26.0,173957.0,433.0,46065.0,22,2.0,0,1
64.0,122092.0,582.0,25103.0,26,8.0,0,1
62.0,158769.0,525.0,43495.0,15,3.0,1,1
64.0,93072.0,674.0,28282.0,11,9.0,1,1
21.0,171856.0,792.0,29850.0,16,12.0,1,1
45.0,190885.0,335.0,34217.0,17,3.0,0,1
46.0,120325.0,648.0,32987.0,26,3.0,0,0
26.0,117294.0,738.0,9162.0,9,5.0,0,0
42.0,147356.0,738.0,36207.0,9,14.0,1,1
48.0,165107.0,508.0,33953.0,8,7.0,0,1
64.0,64550.0,,29462.0,11,1.0,0,1
28.0,113186.0,536.0,13217.0,6,8.0,0,0
30.0,73142.0,383.0,25551.0,10,1.0,1,1
39.0,193969.0,503.0,,25,9.0,0,1
21.0,175717.0,324.0,43987.0,3,9.0,0,0
28.0,108355.0,,29208.0,16,3.0,1,1
52.0,182826.0,653.0,17234.0,26,12.0,1,0
30.0,43174.0,438.0,38559.0,22,6.0,0,1
67.0,98452.0,756.0,44578.0,6,2.0,1,0
49.0,74287.0,451.0,29862.0,2,4.0,0,1
41.0,102376.0,413.0,42315.0,18,8.0,1,1
43.0,192682.0,667.0,17431.0,20,5.0,1,0
,62841.0,507.0,29791.0,22,8.0,0,1
68.0,160167.0,440.0,36354.0,7,5.0,1,1
39.0,34998.0,485.0,39156.0,9,10.0,0,0
62.0,161242.0,800.0,18782.0,9,11.0,1,0
50.0,106411.0,448.0,40365.0,11,7.0,1,0
44.0,129134.0,365.0,21039.0,4,2.0,0,1
31.0,84902.0,407.0,35677.0,9,11.0,0,1
37.0,81167.0,588.0,13818.0,2,2.0,1,1
54.0,53458.0,410.0,47692.0,18,9.0,1,1
,36248.0,716.0,34311.0,15,6.0,0,0
50.0,,785.0,11561.0,14,,0,1
18.0,129911.0,561.0,44717.0,7,9.0,0,1
58.0,58052.0,699.0,9213.0,25,12.0,0,1
33.0,38809.0,680.0,9023.0,2,7.0,1,0
57.0,182711.0,505.0,34981.0,2,11.0,0,0
53.0,117223.0,422.0,31671.0,5,9.0,0,1
20.0,126577.0,620.0,21065.0,6,14.0,1,0
44.0,80675.0,587.0,42829.0,15,3.0,1,1
58.0,142317.0,554.0,49024.0,8,8.0,1,0
42.0,85369.0,840.0,24426.0,23,5.0,0,1
68.0,72637.0,821.0,5252.0,15,7.0,0,0
58.0,139533.0,459.0,6239.0,17,12.0,1,1
30.0,121626.0,317.0,44581.0,17,2.0,1,0
44.0,39559.0,336.0,14132.0,20,3.0,1,0
57.0,195524.0,422.0,11501.0,25,6.0,1,0
64.0,193390.0,455.0,22818.0,17,2.0,1,1
63.0,112589.0,567.0,28636.0,7,1.0,0,0
64.0,63821.0,409.0,6545.0,26,12.0,0,0
25.0,126283.0,696.0,19729.0,22,9.0,1,0
58.0,95085.0,730.0,14953.0,22,9.0,0,1
43.0,50407.0,793.0,49926.0,23,3.0,0,0
26.0,196586.0,475.0,49462.0,23,3.0,0,0
,136878.0,578.0,31415.0,29,10.0,1,1
25.0,89075.0,674.0,6129.0,25,2.0,1,1
69.0,141378.0,386.0,21944.0,17,5.0,0,0
53.0,34939.0,364.0,37236.0,6,10.0,1,1
36.0,180552.0,475.0,38608.0,25,4.0,0,1
68.0,138775.0,447.0,17797.0,19,2.0,1,0
63.0,92052.0,338.0,,1,12.0,1,0
55.0,130511.0,655.0,35291.0,16,8.0,0,0
28.0,124991.0,790.0,14171.0,22,9.0,0,0
24.0,174447.0,431.0,,18,12.0,0,1
54.0,142140.0,,21368.0,22,8.0,1,1
46.0,45748.0,808.0,16220.0,2,3.0,1,0
46.0,57929.0,615.0,9104.0,17,1.0,1,0
28.0,149977.0,511.0,40040.0,2,3.0,1,1
28.0,195113.0,712.0,35993.0,12,5.0,0,1
36.0,117877.0,515.0,18196.0,15,4.0,0,1
62.0,91132.0,446.0,48588.0,26,13.0,0,1
57.0,41300.0,527.0,23128.0,2,8.0,0,1
58.0,140254.0,552.0,30547.0,29,13.0,1,1
43.0,120667.0,343.0,30106.0,19,2.0,1,1
50.0,135365.0,,33625.0,18,4.0,0,0
53.0,88717.0,843.0,28496.0,5,1.0,0,1
,58484.0,375.0,19650.0,9,13.0,0,1
54.0,179968.0,415.0,34579.0,5,12.0,0,0
40.0,192669.0,780.0,24782.0,2,7.0,0,1
48.0,188985.0,698.0,45806.0,12,5.0,1,1
35.0,52981.0,302.0,41836.0,8,10.0,0,1
60.0,100064.0,833.0,34071.0,6,4.0,0,1
26.0,140091.0,403.0,31370.0,7,8.0,0,1
,83405.0,528.0,15632.0,13,5.0,1,0
41.0,181316.0,386.0,43058.0,15,1.0,1,1
61.0,30446.0,613.0,8103.0,10,1.0,1,0
66.0,87327.0,757.0,21060.0,14,13.0,0,1
38.0,159334.0,323.0,21363.0,6,2.0,0,0
48.0,123756.0,524.0,10742.0,6,6.0,0,1
30.0,,667.0,26138.0,4,14.0,1,1
59.0,191348.0,527.0,,26,12.0,1,0
58.0,199407.0,443.0,10940.0,8,8.0,0,0
34.0,113783.0,701.0,46610.0,12,2.0,0,1
50.0,42034.0,,49336.0,5,1.0,0,0
35.0,81704.0,607.0,20845.0,26,4.0,1,0
48.0,173358.0,390.0,14979.0,28,6.0,1,0
48.0,189875.0,704.0,24319.0,26,8.0,1,1
48.0,174336.0,692.0,49201.0,23,1.0,1,0
28.0,179861.0,491.0,10122.0,15,4.0,1,0
56.0,142940.0,,31249.0,14,4.0,0,1
37.0,192985.0,682.0,7614.0,5,3.0,1,0
67.0,185365.0,609.0,7509.0,3,12.0,0,1
63.0,158802.0,352.0,6089.0,4,4.0,0,0
55.0,46274.0,709.0,41921.0,29,13.0,0,0
,165229.0,344.0,8100.0,19,13.0,0,0
23.0,113293.0,628.0,29857.0,5,9.0,0,1
61.0,56547.0,,49935.0,19,11.0,1,0
53.0,145128.0,,19075.0,18,12.0,0,1
47.0,198991.0,809.0,47006.0,18,13.0,1,0
46.0,194733.0,817.0,17076.0,20,9.0,0,0
18.0,60764.0,347.0,24550.0,12,1.0,1,1
28.0,59216.0,799.0,5523.0,11,6.0,1,1
41.0,123396.0,385.0,46272.0,29,2.0,0,0
43.0,170987.0,525.0,34733.0,15,4.0,0,1
32.0,69353.0,301.0,22872.0,22,12.0,1,0
36.0,35351.0,653.0,16346.0,28,8.0,0,1
60.0,62066.0,602.0,49817.0,11,13.0,0,1
62.0,130888.0,691.0,37797.0,29,3.0,0,1
54.0,161207.0,778.0,6286.0,27,9.0,1,1
67.0,48377.0,838.0,31408.0,15,4.0,1,1
65.0,77844.0,833.0,25210.0,24,8.0,1,1
60.0,59642.0,827.0,24319.0,10,10.0,1,1
60.0,42363.0,572.0,29573.0,5,10.0,0,0
29.0,189102.0,446.0,6318.0,7,11.0,1,1
51.0,146553.0,529.0,37596.0,25,5.0,1,0
32.0,161621.0,598.0,40806.0,14,2.0,0,0
48.0,96667.0,364.0,42522.0,8,10.0,1,1
45.0,40038.0,410.0,47488.0,7,5.0,1,1
,55489.0,778.0,21440.0,5,7.0,0,1
21.0,126262.0,757.0,45539.0,13,11.0,0,0
50.0,106730.0,411.0,44970.0,16,8.0,0,1
25.0,140478.0,669.0,10458.0,7,1.0,1,1
,98779.0,655.0,9215.0,3,10.0,0,1
64.0,139603.0,694.0,41041.0,13,5.0,1,1
38.0,31311.0,808.0,36858.0,4,6.0,0,0
61.0,75003.0,375.0,18079.0,5,10.0,1,0
55.0,195142.0,768.0,45623.0,13,3.0,1,1
18.0,51995.0,346.0,33663.0,2,6.0,0,0
27.0,95374.0,513.0,31975.0,3,8.0,0,1
45.0,143658.0,363.0,27708.0,16,5.0,0,0
47.0,43956.0,717.0,35269.0,14,2.0,0,0
57.0,33405.0,499.0,16529.0,23,2.0,0,0
22.0,165214.0,333.0,16295.0,1,2.0,1,1
30.0,167368.0,704.0,23854.0,24,13.0,1,1
62.0,68396.0,439.0,26560.0,13,10.0,1,0
53.0,32066.0,498.0,36324.0,9,6.0,0,1
58.0,42870.0,817.0,11829.0,2,12.0,0,0
34.0,190082.0,816.0,45749.0,11,7.0,1,0
52.0,65265.0,823.0,15053.0,22,14.0,1,1
47.0,57959.0,580.0,40426.0,10,9.0,0,1
23.0,168055.0,405.0,38318.0,9,1.0,1,0
52.0,37660.0,643.0,30925.0,13,9.0,1,1
39.0,97851.0,506.0,12532.0,2,3.0,1,0
43.0,39443.0,395.0,5167.0,6,6.0,1,1
23.0,88713.0,439.0,13927.0,26,10.0,1,0
48.0,197289.0,569.0,46538.0,24,6.0,0,0
41.0,132049.0,626.0,15000.0,19,2.0,1,1
32.0,166282.0,843.0,28200.0,25,5.0,0,0
45.0,68363.0,494.0,47451.0,12,4.0,1,0
43.0,63549.0,622.0,23273.0,10,6.0,0,1
,173993.0,594.0,,28,12.0,1,0
48.0,107145.0,359.0,9547.0,8,2.0,0,1
19.0,153336.0,714.0,8317.0,4,2.0,1,0
44.0,35171.0,732.0,21242.0,25,3.0,1,0
30.0,98625.0,698.0,47037.0,19,1.0,1,0
55.0,179538.0,446.0,48327.0,20,10.0,1,1
19.0,174143.0,765.0,18694.0,14,6.0,1,0
59.0,177773.0,334.0,5464.0,12,9.0,0,1
59.0,181503.0,597.0,38294.0,13,13.0,0,0
68.0,131671.0,713.0,16754.0,13,11.0,1,1
23.0,168765.0,708.0,28086.0,13,4.0,0,1
29.0,175991.0,623.0,40828.0,27,11.0,0,1
63.0,141870.0,585.0,36305.0,27,3.0,1,0
62.0,69099.0,573.0,48978.0,19,1.0,0,1
21.0,,833.0,28464.0,15,14.0,1,0
22.0,132534.0,382.0,8893.0,18,10.0,0,0
51.0,178162.0,670.0,19036.0,29,13.0,1,0
32.0,54111.0,394.0,5143.0,29,4.0,1,1
20.0,171753.0,660.0,24482.0,18,9.0,1,1
50.0,145421.0,369.0,37815.0,5,4.0,1,1
,182514.0,391.0,25354.0,14,14.0,1,0
66.0,167757.0,350.0,6920.0,6,10.0,0,0
31.0,179532.0,546.0,25998.0,16,9.0,1,1
45.0,99742.0,340.0,26184.0,16,3.0,1,0
58.0,82766.0,604.0,28301.0,13,1.0,0,0
57.0,180295.0,481.0,6402.0,9,2.0,1,0
41.0,77552.0,522.0,32612.0,10,3.0,1,1
52.0,55063.0,608.0,41821.0,11,7.0,1,0
62.0,133689.0,610.0,34555.0,13,11.0,0,0
62.0,44467.0,396.0,22697.0,29,9.0,1,0
62.0,93896.0,510.0,20973.0,7,9.0,1,1
36.0,61295.0,505.0,30084.0,22,9.0,1,0
60.0,53071.0,754.0,36611.0,12,9.0,0,1
32.0,64527.0,516.0,7719.0,8,11.0,0,1
32.0,42133.0,392.0,22543.0,16,9.0,1,0
60.0,121566.0,788.0,30245.0,6,1.0,1,0
,198775.0,603.0,11187.0,5,11.0,0,1
29.0,172120.0,690.0,11399.0,15,2.0,1,0
67.0,179157.0,574.0,11186.0,24,14.0,0,1
36.0,101362.0,676.0,31661.0,1,7.0,0,1
48.0,119316.0,610.0,19182.0,8,12.0,0,0
41.0,35106.0,428.0,30113.0,27,1.0,1,1
67.0,70948.0,811.0,16671.0,27,14.0,1,0
43.0,148868.0,456.0,41051.0,20,10.0,1,0
50.0,123672.0,789.0,43297.0,15,11.0,0,1
18.0,33790.0,514.0,24599.0,23,9.0,0,1
57.0,147002.0,824.0,31105.0,17,14.0,1,1
65.0,57047.0,534.0,20107.0,4,9.0,1,0
38.0,183499.0,709.0,17810.0,18,4.0,0,1
62.0,35527.0,723.0,28509.0,22,8.0,0,0
25.0,,427.0,41861.0,2,8.0,1,0
64.0,119924.0,756.0,41188.0,19,10.0,1,1
18.0,51597.0,446.0,42697.0,13,11.0,1,1
58.0,114372.0,661.0,24860.0,10,12.0,1,0
21.0,74147.0,457.0,18228.0,13,1.0,1,1
30.0,133641.0,787.0,40740.0,15,6.0,0,0
62.0,55646.0,483.0,46717.0,25,7.0,0,0
59.0,108394.0,480.0,13713.0,28,6.0,1,1
47.0,73311.0,703.0,17648.0,1,1.0,0,0
29.0,,391.0,20372.0,26,1.0,1,0
22.0,81898.0,826.0,7023.0,12,4.0,0,0
34.0,186231.0,467.0,,21,10.0,1,0
39.0,126227.0,315.0,17667.0,27,14.0,1,0
28.0,64224.0,586.0,32922.0,21,14.0,0,1
69.0,114431.0,,35215.0,16,14.0,1,0
64.0,51210.0,373.0,12843.0,23,7.0,0,0
69.0,57910.0,746.0,40339.0,19,3.0,1,1
29.0,44858.0,302.0,36670.0,2,9.0,0,0
26.0,95443.0,405.0,40915.0,7,2.0,1,1
37.0,174546.0,660.0,31600.0,20,14.0,0,1
66.0,114880.0,839.0,11489.0,5,11.0,1,1
38.0,199900.0,551.0,36755.0,8,8.0,0,1
36.0,160109.0,476.0,16023.0,17,4.0,1,0
44.0,109471.0,442.0,39163.0,29,2.0,1,1
54.0,80666.0,319.0,11138.0,18,3.0,0,0
44.0,30179.0,432.0,36902.0,1,5.0,1,0
23.0,160610.0,827.0,11951.0,16,7.0,1,1
26.0,65222.0,395.0,47772.0,16,1.0,0,0
31.0,117244.0,309.0,47010.0,16,9.0,1,0
28.0,129154.0,661.0,28112.0,5,14.0,0,0
56.0,131721.0,316.0,19966.0,11,1.0,1,0
67.0,157320.0,545.0,18722.0,23,14.0,0,1
46.0,119465.0,369.0,38646.0,10,9.0,0,0
47.0,39576.0,301.0,24181.0,8,10.0,0,0
18.0,104071.0,323.0,48286.0,20,6.0,1,0
32.0,112101.0,696.0,45370.0,23,1.0,1,0
32.0,121615.0,324.0,36627.0,8,9.0,0,0
61.0,58399.0,597.0,26082.0,17,1.0,0,0
19.0,90802.0,765.0,26336.0,6,12.0,0,0
,157818.0,797.0,47995.0,13,1.0,1,0
52.0,86848.0,526.0,9372.0,1,12.0,1,1
30.0,70148.0,556.0,34820.0,2,1.0,1,1
60.0,74585.0,534.0,49714.0,24,4.0,1,1
23.0,187310.0,824.0,31376.0,17,,1,1
,,843.0,45913.0,23,3.0,1,0
44.0,143951.0,792.0,47034.0,28,9.0,1,0
51.0,110641.0,759.0,46899.0,21,5.0,1,0
60.0,166460.0,728.0,47945.0,29,8.0,0,0
37.0,132852.0,799.0,14854.0,9,10.0,0,0
40.0,80901.0,831.0,42640.0,17,7.0,1,1
59.0,91189.0,783.0,17073.0,10,5.0,1,1
30.0,116502.0,349.0,26216.0,20,9.0,1,1
63.0,108525.0,625.0,11660.0,24,1.0,0,0
,85323.0,605.0,23330.0,16,5.0,1,1
66.0,55288.0,671.0,21231.0,6,9.0,1,0
58.0,131111.0,758.0,48011.0,26,14.0,0,0
66.0,90916.0,406.0,36839.0,24,7.0,1,0
59.0,61491.0,,6182.0,9,6.0,1,0
27.0,198093.0,392.0,21268.0,11,7.0,0,0
61.0,178931.0,517.0,41160.0,6,9.0,0,1
44.0,134343.0,584.0,46697.0,28,8.0,1,1
27.0,80911.0,,26612.0,25,11.0,0,1
52.0,112885.0,582.0,27499.0,17,7.0,1,1
23.0,105121.0,488.0,34841.0,21,8.0,0,1
25.0,176218.0,416.0,18574.0,9,6.0,0,0
53.0,150023.0,443.0,41569.0,9,7.0,0,0
36.0,132397.0,446.0,34442.0,25,1.0,1,1
57.0,155491.0,667.0,28879.0,2,10.0,0,0
37.0,68980.0,569.0,37526.0,2,13.0,0,1
20.0,30060.0,312.0,34579.0,19,7.0,0,0
22.0,39832.0,795.0,15561.0,6,5.0,0,0
37.0,87018.0,604.0,7251.0,2,7.0,1,1
,183419.0,719.0,49243.0,15,2.0,1,1
54.0,150202.0,585.0,40015.0,8,12.0,1,1
40.0,121731.0,779.0,25074.0,20,9.0,0,0
52.0,100613.0,576.0,31773.0,27,4.0,0,0
33.0,49502.0,,8715.0,22,2.0,1,1
54.0,135941.0,524.0,29159.0,18,5.0,1,1
60.0,82977.0,753.0,42592.0,2,7.0,0,1
,175580.0,642.0,35985.0,15,13.0,0,0
66.0,148979.0,789.0,22568.0,21,6.0,1,0
55.0,85222.0,630.0,31409.0,8,1.0,1,1
26.0,70864.0,591.0,20210.0,9,5.0,1,0
43.0,137354.0,796.0,36509.0,9,2.0,1,1
21.0,94570.0,656.0,6036.0,6,5.0,0,0
57.0,132093.0,653.0,25235.0,9,11.0,1,0
31.0,42895.0,431.0,41155.0,27,14.0,0,0
37.0,176064.0,578.0,10719.0,7,8.0,1,0
35.0,195686.0,352.0,22591.0,23,3.0,1,1
29.0,,750.0,36980.0,6,5.0,0,1
29.0,112818.0,775.0,6353.0,22,14.0,1,1
29.0,50066.0,457.0,27250.0,17,2.0,1,0
30.0,138681.0,683.0,24309.0,27,6.0,0,0
31.0,73490.0,584.0,14890.0,10,7.0,1,0
66.0,180867.0,591.0,37849.0,11,11.0,0,0
38.0,141923.0,310.0,21966.0,25,12.0,0,1
42.0,125555.0,371.0,44774.0,27,13.0,1,1
25.0,190420.0,469.0,26404.0,11,10.0,1,1
69.0,191516.0,304.0,46302.0,22,5.0,0,1
68.0,78674.0,827.0,7503.0,3,6.0,1,1
52.0,181003.0,644.0,25558.0,26,4.0,0,1
,150386.0,722.0,41332.0,2,5.0,0,0
22.0,47478.0,368.0,21479.0,29,4.0,0,1
54.0,140472.0,445.0,6957.0,22,3.0,1,0
19.0,145967.0,728.0,34830.0,12,12.0,1,1
43.0,166747.0,695.0,25590.0,4,6.0,1,0
64.0,68418.0,313.0,8016.0,17,14.0,0,0
32.0,125805.0,633.0,49171.0,18,2.0,1,0
52.0,59572.0,541.0,48755.0,25,6.0,1,1
67.0,44293.0,,38184.0,16,7.0,1,1
67.0,52778.0,844.0,38512.0,24,4.0,0,0
32.0,166281.0,377.0,32006.0,18,12.0,1,1
42.0,98723.0,,20932.0,25,8.0,1,1
22.0,199594.0,575.0,47206.0,4,3.0,1,1
52.0,50277.0,381.0,31603.0,9,10.0,0,0
63.0,142851.0,722.0,20776.0,27,11.0,0,1
19.0,40525.0,,,3,5.0,1,0
52.0,,571.0,6465.0,13,11.0,1,1
62.0,59305.0,490.0,32875.0,20,9.0,1,0
38.0,42835.0,672.0,23822.0,3,12.0,1,0
69.0,61898.0,,49149.0,25,9.0,0,1
50.0,,798.0,30584.0,3,12.0,0,0
60.0,155897.0,552.0,5243.0,1,13.0,1,1
36.0,196453.0,343.0,26448.0,18,10.0,0,0
25.0,57213.0,426.0,25628.0,17,6.0,0,1
69.0,30499.0,585.0,44048.0,3,14.0,0,1
69.0,148923.0,429.0,23375.0,11,10.0,0,1
65.0,59468.0,412.0,16316.0,10,3.0,0,1
32.0,159877.0,507.0,29897.0,29,3.0,0,1
,131493.0,468.0,49518.0,22,4.0,0,1
22.0,133219.0,560.0,18572.0,13,1.0,1,1
56.0,108948.0,487.0,30427.0,23,4.0,0,0
31.0,158848.0,586.0,23008.0,9,8.0,1,0
37.0,115087.0,329.0,31378.0,5,8.0,1,0
33.0,48564.0,627.0,5195.0,12,11.0,1,0
31.0,132349.0,484.0,25550.0,28,7.0,0,1
45.0,136033.0,519.0,16266.0,10,10.0,0,1
50.0,77654.0,,37788.0,8,14.0,1,0
26.0,122952.0,512.0,34381.0,18,4.0,0,1
48.0,168777.0,817.0,27270.0,25,11.0,0,0
53.0,170484.0,650.0,38468.0,5,6.0,1,0
28.0,77677.0,636.0,22403.0,18,11.0,1,0
24.0,65907.0,778.0,42352.0,22,6.0,0,0
42.0,58422.0,707.0,43212.0,29,2.0,0,0
20.0,86108.0,494.0,30255.0,16,12.0,1,0
22.0,168177.0,619.0,,12,13.0,0,1
58.0,43638.0,430.0,28299.0,2,2.0,1,1
49.0,52978.0,558.0,10889.0,15,9.0,0,0
27.0,188174.0,690.0,33023.0,5,7.0,0,1
57.0,56870.0,486.0,19122.0,28,5.0,1,0
62.0,79417.0,671.0,30878.0,7,7.0,1,0
47.0,132422.0,473.0,18517.0,19,9.0,0,1
67.0,62968.0,496.0,43958.0,13,6.0,0,0
,179120.0,707.0,40945.0,16,10.0,0,0
44.0,110133.0,781.0,35633.0,18,8.0,0,0
64.0,57164.0,576.0,33515.0,7,12.0,1,0
66.0,144365.0,712.0,25052.0,19,12.0,0,1
36.0,46815.0,623.0,,29,12.0,1,0
47.0,72377.0,531.0,16131.0,16,5.0,0,0
41.0,48674.0,368.0,40191.0,27,12.0,1,0
29.0,68306.0,770.0,28278.0,23,7.0,0,1
31.0,63670.0,420.0,17904.0,12,2.0,0,1
32.0,123356.0,572.0,30856.0,4,1.0,0,1
56.0,112831.0,658.0,12566.0,19,5.0,1,0
50.0,186489.0,636.0,33530.0,15,5.0,0,1
67.0,167126.0,799.0,30664.0,11,1.0,0,0
58.0,145930.0,500.0,,26,7.0,0,1
21.0,61254.0,538.0,22848.0,2,8.0,0,1
56.0,158636.0,616.0,38037.0,23,11.0,1,0
54.0,88621.0,733.0,23046.0,10,9.0,0,0
46.0,115088.0,559.0,36051.0,14,8.0,1,0
57.0,199116.0,824.0,29183.0,24,3.0,0,1
,74525.0,499.0,48929.0,13,12.0,0,0
57.0,80471.0,477.0,,22,2.0,1,0
34.0,98566.0,830.0,18197.0,21,4.0,1,0
68.0,192100.0,546.0,12024.0,26,13.0,0,1
26.0,90411.0,452.0,5804.0,27,4.0,1,0
49.0,45657.0,342.0,9661.0,22,9.0,0,1
47.0,88231.0,318.0,36353.0,13,7.0,0,0
69.0,30147.0,378.0,6727.0,8,1.0,1,0
69.0,87962.0,401.0,40109.0,22,2.0,1,1
18.0,,365.0,6466.0,26,2.0,1,1
50.0,,569.0,33044.0,16,11.0,0,1
67.0,59765.0,759.0,,29,12.0,1,1
53.0,66818.0,840.0,40324.0,11,9.0,0,0
55.0,161085.0,614.0,30169.0,11,1.0,1,0
50.0,47308.0,382.0,8153.0,23,8.0,1,1
62.0,115454.0,646.0,21938.0,2,7.0,0,1
18.0,192633.0,811.0,49096.0,23,6.0,1,0
,47359.0,741.0,36594.0,3,6.0,0,0
19.0,130009.0,729.0,45109.0,12,9.0,1,0
19.0,168842.0,471.0,31686.0,27,4.0,0,0
35.0,64231.0,343.0,26589.0,23,13.0,0,1
19.0,198064.0,836.0,39547.0,17,10.0,0,0
18.0,82531.0,842.0,6870.0,23,6.0,0,1
34.0,91400.0,303.0,47093.0,19,13.0,1,1
44.0,,772.0,18750.0,26,11.0,0,0
66.0,198794.0,616.0,5059.0,19,10.0,1,1
55.0,88899.0,624.0,22728.0,1,9.0,0,1
34.0,77141.0,572.0,39154.0,9,3.0,0,1
20.0,166373.0,797.0,38590.0,19,3.0,0,1
26.0,162449.0,588.0,43754.0,27,14.0,1,0
55.0,184553.0,500.0,49524.0,22,12.0,0,0
53.0,131127.0,699.0,27435.0,28,3.0,0,0
36.0,63141.0,565.0,37876.0,25,2.0,0,0
20.0,186072.0,604.0,46398.0,28,7.0,0,1
57.0,187250.0,358.0,29527.0,25,1.0,1,0
45.0,51951.0,496.0,13394.0,24,7.0,0,0
62.0,84173.0,361.0,26608.0,16,10.0,1,0
22.0,109166.0,795.0,44542.0,10,4.0,0,0
19.0,181382.0,785.0,11657.0,11,7.0,0,1
24.0,,570.0,9352.0,1,9.0,1,1
59.0,115821.0,630.0,34680.0,15,1.0,1,1
53.0,113182.0,638.0,41147.0,15,2.0,0,1
55.0,176456.0,570.0,48118.0,22,10.0,1,0
42.0,76941.0,490.0,26624.0,7,1.0,0,0
31.0,83544.0,460.0,19182.0,18,10.0,0,0
68.0,94581.0,737.0,24699.0,17,3.0,0,1
41.0,54131.0,739.0,18390.0,9,14.0,0,1
52.0,180557.0,577.0,45063.0,24,4.0,1,0
63.0,32419.0,749.0,30078.0,28,11.0,0,1
19.0,105357.0,491.0,42616.0,13,2.0,1,1
54.0,127947.0,366.0,10226.0,16,7.0,0,0
59.0,91263.0,619.0,27510.0,12,7.0,1,0
32.0,34533.0,338.0,49057.0,10,10.0,0,0
51.0,31840.0,534.0,5712.0,27,3.0,1,0
34.0,120920.0,745.0,25672.0,28,12.0,1,1
53.0,112379.0,558.0,36440.0,6,5.0,1,1
31.0,159647.0,377.0,39563.0,10,,0,0
18.0,182861.0,706.0,42204.0,5,11.0,1,0
33.0,57003.0,708.0,45202.0,26,9.0,0,1
50.0,49530.0,442.0,18678.0,17,13.0,0,1
45.0,115932.0,588.0,21898.0,14,4.0,0,1
30.0,91532.0,636.0,49945.0,6,4.0,0,1
32.0,70723.0,358.0,40136.0,23,11.0,1,1
18.0,47444.0,412.0,42634.0,14,2.0,1,1
66.0,40353.0,695.0,35237.0,4,11.0,1,0
42.0,80104.0,499.0,21529.0,29,12.0,0,1
42.0,128160.0,750.0,15394.0,8,12.0,1,0
57.0,191799.0,781.0,37868.0,25,12.0,1,1
47.0,,468.0,5552.0,14,9.0,0,1
61.0,45549.0,774.0,19166.0,22,10.0,1,0
23.0,165265.0,445.0,15417.0,11,11.0,1,0
38.0,184965.0,848.0,48043.0,1,6.0,1,1
54.0,115907.0,354.0,23826.0,21,8.0,0,0
36.0,89102.0,839.0,30546.0,11,1.0,1,0
68.0,184457.0,815.0,20014.0,5,6.0,0,0
60.0,114861.0,799.0,14240.0,24,10.0,1,1
29.0,164868.0,567.0,41663.0,26,7.0,1,0
49.0,91998.0,820.0,17679.0,1,2.0,0,0
43.0,158473.0,535.0,45955.0,2,14.0,1,0
21.0,135439.0,350.0,46306.0,7,,0,0
64.0,134622.0,831.0,17231.0,16,12.0,0,0
39.0,30074.0,656.0,48231.0,19,8.0,1,0
33.0,73851.0,361.0,46196.0,3,4.0,1,0
59.0,178645.0,530.0,8131.0,7,9.0,1,1
,85652.0,642.0,28149.0,4,2.0,1,1
23.0,195921.0,720.0,10539.0,29,3.0,0,0
20.0,180567.0,435.0,30933.0,22,10.0,1,0
41.0,146018.0,470.0,16815.0,26,14.0,0,1
44.0,76949.0,355.0,30687.0,1,7.0,0,0
21.0,169735.0,644.0,35303.0,24,9.0,1,1
47.0,168803.0,464.0,31031.0,14,13.0,1,0
46.0,94498.0,745.0,40185.0,28,2.0,0,0
52.0,198118.0,694.0,46525.0,9,11.0,0,1
52.0,100013.0,836.0,18611.0,26,6.0,0,0
46.0,32838.0,456.0,43726.0,15,4.0,1,0
53.0,121386.0,607.0,45275.0,22,13.0,1,0
52.0,143860.0,370.0,46366.0,27,9.0,1,1
45.0,118900.0,564.0,13138.0,21,4.0,0,1
35.0,115033.0,405.0,30631.0,29,5.0,1,0
69.0,166293.0,460.0,20601.0,13,8.0,1,1
50.0,37510.0,826.0,14692.0,13,8.0,1,1
28.0,105703.0,564.0,17698.0,16,13.0,1,0
22.0,66937.0,363.0,9153.0,17,6.0,0,0
35.0,67218.0,558.0,37252.0,18,3.0,1,1
36.0,121249.0,,21421.0,8,4.0,1,0
25.0,47910.0,817.0,6357.0,29,4.0,0,1
,59502.0,332.0,32589.0,9,5.0,1,1
30.0,167727.0,,22973.0,6,12.0,0,0
60.0,191209.0,307.0,29920.0,1,13.0,1,1
64.0,57552.0,331.0,44433.0,19,1.0,0,0
28.0,88356.0,535.0,31691.0,29,13.0,0,0
46.0,,444.0,10806.0,18,3.0,1,1
65.0,188343.0,435.0,43447.0,4,3.0,0,0
55.0,70641.0,483.0,30528.0,28,6.0,1,1
36.0,53785.0,730.0,6969.0,3,12.0,1,0
38.0,140607.0,732.0,49616.0,8,6.0,1,0
28.0,116515.0,787.0,39509.0,26,11.0,0,1
18.0,63644.0,580.0,36330.0,25,9.0,1,1
68.0,157774.0,349.0,16757.0,29,3.0,1,1
40.0,74004.0,473.0,49383.0,29,1.0,1,1
22.0,,455.0,7680.0,27,7.0,1,0
64.0,142161.0,505.0,45907.0,6,14.0,0,1
49.0,55060.0,564.0,37534.0,13,3.0,1,1
35.0,166544.0,453.0,9006.0,21,12.0,1,0
49.0,93754.0,345.0,11125.0,19,3.0,0,1
23.0,83602.0,737.0,31819.0,18,8.0,1,1
55.0,37607.0,795.0,48199.0,6,7.0,0,1
24.0,169299.0,340.0,8620.0,3,10.0,0,1
66.0,64475.0,324.0,9434.0,21,2.0,0,0
29.0,146596.0,372.0,45267.0,18,9.0,0,0
63.0,174838.0,768.0,38837.0,15,14.0,1,0
,70993.0,,16195.0,24,3.0,1,1
20.0,163888.0,824.0,19041.0,10,10.0,1,0
19.0,91676.0,617.0,22317.0,27,5.0,1,1
68.0,196580.0,689.0,38033.0,10,6.0,0,0
58.0,86445.0,759.0,44818.0,6,14.0,0,1
42.0,159918.0,719.0,8948.0,1,2.0,1,1
68.0,186420.0,327.0,9818.0,1,11.0,0,0
27.0,40929.0,481.0,6230.0,17,6.0,0,1
36.0,49031.0,671.0,16247.0,12,13.0,0,1
49.0,82360.0,571.0,5757.0,15,3.0,0,0
61.0,105830.0,764.0,42263.0,26,3.0,0,1
58.0,122113.0,484.0,9502.0,19,9.0,0,0
46.0,167129.0,795.0,37531.0,16,4.0,1,0
65.0,159453.0,532.0,36068.0,26,2.0,1,1
54.0,53570.0,649.0,33357.0,8,13.0,0,0
38.0,65758.0,719.0,11156.0,16,8.0,0,1
60.0,78102.0,624.0,24659.0,2,10.0,1,0
34.0,71577.0,832.0,44655.0,25,2.0,0,1
51.0,198049.0,575.0,33686.0,4,9.0,1,1
65.0,134853.0,401.0,19921.0,28,8.0,1,1
69.0,60725.0,563.0,40460.0,27,2.0,1,1
50.0,166884.0,713.0,36855.0,8,5.0,1,0
38.0,178121.0,578.0,11097.0,15,13.0,0,1
64.0,166559.0,364.0,14873.0,28,1.0,0,1
25.0,168220.0,457.0,26590.0,13,2.0,1,1
53.0,45077.0,469.0,29827.0,24,12.0,1,0
,137407.0,793.0,19847.0,15,8.0,0,1
58.0,194662.0,330.0,44207.0,2,1.0,1,0
38.0,97185.0,350.0,28620.0,2,,1,0
,185859.0,728.0,34159.0,16,3.0,1,0
39.0,146615.0,509.0,37675.0,16,8.0,1,0
67.0,133539.0,499.0,27374.0,12,1.0,1,0
40.0,98899.0,672.0,9303.0,2,14.0,1,1
55.0,53702.0,485.0,38992.0,17,1.0,0,0
60.0,140965.0,485.0,49870.0,10,2.0,1,1
54.0,48575.0,525.0,35912.0,16,12.0,1,0
65.0,37363.0,495.0,41106.0,14,14.0,0,1
68.0,42773.0,520.0,39000.0,28,12.0,0,0
36.0,73965.0,406.0,14127.0,19,11.0,1,1
54.0,191347.0,731.0,31600.0,2,3.0,0,1
65.0,68530.0,784.0,35402.0,15,12.0,1,1
27.0,168203.0,717.0,12103.0,25,4.0,0,0
37.0,39134.0,444.0,35352.0,8,14.0,0,1
58.0,47138.0,798.0,15410.0,1,7.0,0,0
68.0,123178.0,619.0,5934.0,11,11.0,0,0
38.0,83001.0,331.0,30367.0,13,13.0,1,0
26.0,107355.0,473.0,21193.0,16,9.0,1,1
26.0,176268.0,746.0,20842.0,6,14.0,1,1
59.0,35971.0,574.0,24324.0,7,12.0,1,1
55.0,126020.0,757.0,24291.0,26,10.0,1,1
57.0,41072.0,401.0,17066.0,3,8.0,1,0
69.0,197128.0,657.0,42726.0,13,11.0,0,0
52.0,183799.0,419.0,22388.0,15,5.0,0,0
43.0,81747.0,416.0,40496.0,17,7.0,0,1
67.0,149861.0,694.0,7895.0,9,8.0,1,0
,177484.0,603.0,28208.0,8,10.0,1,1
45.0,,810.0,39247.0,2,13.0,1,1
61.0,146929.0,414.0,8934.0,18,5.0,1,1
27.0,112357.0,582.0,25128.0,15,6.0,1,0
64.0,50001.0,553.0,12275.0,19,6.0,0,0
21.0,75856.0,611.0,18539.0,27,5.0,0,0
68.0,190677.0,500.0,39308.0,9,8.0,0,1
48.0,47280.0,327.0,39894.0,8,3.0,1,1
65.0,76224.0,788.0,44641.0,9,4.0,0,0
67.0,162504.0,429.0,20844.0,28,10.0,0,1
62.0,46964.0,454.0,25364.0,25,13.0,0,0
30.0,189971.0,402.0,32468.0,6,9.0,1,1
18.0,146949.0,468.0,6947.0,11,3.0,0,1
49.0,193084.0,351.0,42135.0,14,4.0,0,1
43.0,133979.0,793.0,9086.0,29,8.0,1,1
59.0,38754.0,595.0,,28,6.0,1,0
,121373.0,718.0,,19,9.0,1,1
44.0,93440.0,387.0,23528.0,20,11.0,1,1
61.0,128648.0,626.0,46524.0,17,7.0,1,0
30.0,122384.0,809.0,45856.0,11,10.0,0,1
36.0,63093.0,,32125.0,13,4.0,1,1
34.0,39876.0,588.0,13858.0,22,14.0,1,0
40.0,,475.0,41847.0,5,9.0,1,1
28.0,146181.0,411.0,12237.0,1,9.0,1,1
37.0,81429.0,754.0,5520.0,8,5.0,0,1
68.0,47276.0,389.0,9580.0,25,2.0,1,0
62.0,77645.0,417.0,25283.0,11,12.0,1,1
,109932.0,713.0,44845.0,11,5.0,1,0
56.0,126599.0,848.0,16483.0,5,12.0,0,0
34.0,129066.0,536.0,39224.0,20,10.0,1,0
23.0,119619.0,610.0,14906.0,1,3.0,0,0
19.0,80545.0,362.0,41826.0,23,2.0,1,1
28.0,58210.0,,49989.0,10,13.0,0,1
57.0,87176.0,834.0,7929.0,27,9.0,0,0
51.0,72113.0,352.0,6148.0,24,13.0,0,0
28.0,167204.0,622.0,5084.0,6,9.0,0,1
54.0,174131.0,532.0,5074.0,1,1.0,1,1
22.0,168964.0,793.0,43536.0,29,13.0,0,1
61.0,55644.0,384.0,48748.0,11,14.0,1,1
26.0,138823.0,515.0,,6,6.0,0,0
64.0,92166.0,383.0,40270.0,24,5.0,1,1
41.0,66970.0,521.0,6625.0,27,7.0,1,0
69.0,,657.0,11109.0,7,5.0,1,1
44.0,106721.0,349.0,23792.0,4,12.0,0,1
53.0,108587.0,493.0,41848.0,26,6.0,1,1
67.0,117981.0,,15368.0,22,6.0,1,1
45.0,176872.0,601.0,27017.0,16,12.0,0,0
,154783.0,492.0,31585.0,11,3.0,0,1
33.0,145426.0,411.0,42391.0,10,1.0,0,1
58.0,192886.0,796.0,31323.0,29,9.0,1,0
52.0,79958.0,562.0,13398.0,1,5.0,1,0
61.0,113438.0,514.0,32522.0,10,12.0,0,1
33.0,187701.0,332.0,5657.0,3,7.0,0,1
64.0,141816.0,697.0,39032.0,22,13.0,1,0
54.0,61270.0,684.0,17344.0,8,9.0,1,0
55.0,146289.0,387.0,15708.0,16,2.0,1,1
35.0,37748.0,671.0,16993.0,10,9.0,0,1
68.0,65279.0,665.0,48297.0,2,6.0,0,0
39.0,,765.0,17130.0,13,13.0,0,0
65.0,171412.0,401.0,20644.0,8,11.0,1,1
64.0,93690.0,597.0,31001.0,27,11.0,1,0
33.0,148225.0,579.0,27731.0,24,6.0,0,1
,43755.0,341.0,25998.0,2,2.0,0,1
25.0,87195.0,417.0,19628.0,2,14.0,0,1
23.0,192564.0,494.0,35116.0,5,12.0,0,0
30.0,40627.0,318.0,19333.0,19,7.0,0,0
45.0,65179.0,646.0,13640.0,21,6.0,1,0
22.0,189067.0,665.0,46876.0,4,13.0,0,1
,160054.0,478.0,19111.0,21,10.0,0,1
33.0,197913.0,644.0,16983.0,27,9.0,1,1
29.0,85794.0,442.0,35454.0,14,3.0,0,1
45.0,185233.0,646.0,12354.0,16,8.0,1,0
31.0,65455.0,411.0,8954.0,4,11.0,0,0
48.0,66191.0,337.0,49862.0,15,2.0,0,0
48.0,34033.0,690.0,49975.0,8,13.0,0,0
57.0,153860.0,347.0,25917.0,3,6.0,1,1
57.0,70864.0,783.0,48595.0,11,10.0,1,1
21.0,147825.0,396.0,47198.0,11,6.0,1,1
34.0,98151.0,639.0,47557.0,23,12.0,1,0
25.0,181053.0,377.0,5169.0,24,9.0,1,1
23.0,165202.0,779.0,41050.0,2,11.0,1,1
46.0,65952.0,817.0,25092.0,25,10.0,1,0
47.0,155440.0,774.0,23199.0,8,9.0,1,1
68.0,140934.0,690.0,31448.0,26,6.0,1,1
33.0,,655.0,44978.0,23,6.0,0,0
23.0,55224.0,587.0,41300.0,6,8.0,0,0
18.0,117905.0,,16952.0,24,7.0,1,0
20.0,168349.0,436.0,35935.0,17,7.0,0,1
54.0,105160.0,611.0,17532.0,17,9.0,0,1
37.0,140450.0,,33768.0,26,8.0,0,1
58.0,162033.0,535.0,44287.0,23,10.0,0,1
41.0,48044.0,339.0,45073.0,5,2.0,0,0
24.0,71655.0,586.0,20411.0,11,13.0,0,0
65.0,184142.0,785.0,45873.0,2,6.0,1,1
68.0,166041.0,,21421.0,13,11.0,0,1
40.0,160839.0,693.0,16622.0,29,,1,0
29.0,119056.0,655.0,48710.0,17,4.0,0,1
49.0,45446.0,760.0,36441.0,19,8.0,1,0
42.0,65402.0,775.0,36688.0,11,2.0,1,1
66.0,174918.0,561.0,28291.0,29,13.0,0,0
37.0,136845.0,689.0,40531.0,8,9.0,0,0
28.0,137971.0,786.0,19753.0,6,3.0,0,0
21.0,129572.0,454.0,19920.0,10,11.0,1,0
30.0,110312.0,688.0,36859.0,20,12.0,1,1
58.0,173428.0,449.0,48739.0,20,11.0,0,1
69.0,46560.0,691.0,11536.0,10,13.0,0,1
32.0,165050.0,658.0,22288.0,4,9.0,1,0
45.0,100209.0,641.0,23805.0,7,12.0,1,0
66.0,94143.0,366.0,33420.0,9,7.0,0,1
,44386.0,810.0,40764.0,25,7.0,1,1
39.0,61873.0,568.0,37167.0,25,3.0,1,1
,41587.0,503.0,11490.0,18,4.0,0,1
61.0,184110.0,803.0,26427.0,16,7.0,0,1
45.0,154117.0,467.0,9861.0,12,8.0,1,0
46.0,61927.0,459.0,40757.0,5,1.0,0,1
18.0,91631.0,594.0,17646.0,26,1.0,1,0
32.0,86922.0,543.0,44472.0,6,3.0,1,0
67.0,131791.0,774.0,29248.0,22,13.0,0,0
,98456.0,455.0,40715.0,6,1.0,1,1
52.0,98073.0,589.0,39065.0,6,5.0,1,1
62.0,93417.0,534.0,9588.0,23,2.0,1,0
,195943.0,707.0,27842.0,19,2.0,0,0
20.0,130556.0,697.0,24017.0,1,7.0,1,1
44.0,44310.0,824.0,24577.0,6,9.0,0,1
34.0,45835.0,606.0,13525.0,23,10.0,1,0
63.0,131728.0,667.0,37636.0,1,4.0,0,1
47.0,109496.0,352.0,11982.0,28,10.0,1,0
,85428.0,584.0,47077.0,14,11.0,1,0
35.0,163534.0,475.0,38443.0,3,11.0,0,1
,172111.0,571.0,45833.0,29,5.0,1,0
66.0,61131.0,499.0,33747.0,24,4.0,0,0
57.0,134992.0,813.0,6673.0,25,8.0,0,0
23.0,,607.0,21168.0,14,8.0,0,1
69.0,43253.0,588.0,27381.0,12,7.0,1,0
26.0,47825.0,777.0,44994.0,19,5.0,1,0
65.0,,793.0,36905.0,20,9.0,1,1
49.0,174097.0,719.0,46960.0,7,6.0,1,0
25.0,60166.0,,35446.0,17,1.0,1,0
,,432.0,41169.0,25,2.0,0,1
44.0,104003.0,541.0,24994.0,17,12.0,1,1
49.0,133692.0,492.0,27683.0,1,2.0,1,0
27.0,171037.0,637.0,31453.0,28,3.0,1,1
21.0,41169.0,,42287.0,17,9.0,0,1
64.0,182267.0,554.0,38201.0,10,9.0,0,0
65.0,185753.0,512.0,5083.0,11,4.0,0,1
45.0,159491.0,828.0,30339.0,15,13.0,1,0
39.0,174419.0,372.0,18205.0,16,5.0,1,1
32.0,188901.0,390.0,16891.0,18,10.0,0,1
31.0,81812.0,644.0,30549.0,10,8.0,1,0
26.0,121964.0,782.0,32099.0,11,3.0,0,1
44.0,185618.0,583.0,42434.0,20,4.0,1,1
60.0,112326.0,367.0,36973.0,13,12.0,1,0
49.0,167164.0,528.0,27803.0,19,11.0,1,0
49.0,113021.0,,34069.0,13,13.0,0,1
45.0,108921.0,811.0,20179.0,25,3.0,0,1
20.0,87032.0,662.0,41319.0,6,3.0,0,1
47.0,127602.0,639.0,39270.0,2,3.0,0,0
51.0,177768.0,523.0,46355.0,14,13.0,1,0
21.0,81474.0,354.0,13931.0,1,6.0,0,1
59.0,155861.0,529.0,19133.0,13,6.0,0,0
39.0,102458.0,498.0,38355.0,26,6.0,1,1
43.0,175257.0,771.0,19048.0,9,3.0,1,1
61.0,106886.0,500.0,17023.0,4,4.0,1,1
62.0,167720.0,717.0,41613.0,21,11.0,1,0
48.0,102407.0,700.0,35285.0,13,5.0,0,1
59.0,189150.0,379.0,25802.0,10,1.0,1,0
52.0,199991.0,484.0,11037.0,8,3.0,0,0
69.0,51095.0,645.0,11442.0,5,4.0,0,0
58.0,42212.0,534.0,8937.0,14,12.0,0,0
22.0,109394.0,438.0,30024.0,11,4.0,1,0
18.0,110261.0,779.0,49841.0,5,12.0,0,0
41.0,122941.0,574.0,18934.0,14,1.0,1,1
34.0,100228.0,463.0,29377.0,8,5.0,1,1
31.0,121883.0,348.0,23512.0,2,3.0,0,1
43.0,175547.0,662.0,11366.0,12,4.0,1,0
20.0,149399.0,755.0,16936.0,6,14.0,0,0
26.0,146345.0,484.0,12678.0,26,6.0,0,1
26.0,74100.0,721.0,30482.0,25,3.0,0,1
22.0,173056.0,490.0,21097.0,6,10.0,0,1
67.0,81132.0,385.0,31339.0,3,12.0,0,1
55.0,122273.0,415.0,9004.0,22,14.0,1,0
64.0,155859.0,655.0,5541.0,19,9.0,0,0
55.0,115758.0,734.0,32616.0,6,5.0,1,0
61.0,92965.0,785.0,21425.0,26,5.0,0,0
50.0,147682.0,,48340.0,19,5.0,0,0
63.0,109016.0,399.0,25971.0,21,4.0,1,0
,114034.0,708.0,18030.0,14,11.0,1,1
64.0,,849.0,38946.0,14,4.0,1,1
55.0,155383.0,,43196.0,11,11.0,1,1
,152438.0,581.0,46421.0,22,7.0,0,1
68.0,73874.0,333.0,10498.0,9,5.0,1,1
18.0,84115.0,382.0,32224.0,1,2.0,1,0
47.0,129590.0,779.0,7373.0,7,1.0,0,0
47.0,60644.0,633.0,33262.0,8,6.0,0,1
39.0,99886.0,498.0,7645.0,4,2.0,0,0
30.0,175669.0,430.0,44504.0,15,11.0,1,0
66.0,93884.0,376.0,37031.0,29,1.0,0,0
57.0,190764.0,715.0,6125.0,27,1.0,1,0
