Age,Annual_Income,Credit_Score,Loan_Amount,Loan_Duration_Years,Number_of_Open_Accounts,Had_Past_Default,Loan_Approval
54.0,135941.0,524.0,29159.0,18,5.0,1,1
64.0,142161.0,505.0,45907.0,6,14.0,0,1
49.0,93754.0,345.0,11125.0,19,3.0,0,1
31.0,83544.0,460.0,19182.0,18,10.0,0,0
32.0,54111.0,394.0,5143.0,29,4.0,1,1
32.0,70723.0,358.0,40136.0,23,11.0,1,1
50.0,,569.0,33044.0,16,11.0,0,1
20.0,30060.0,312.0,34579.0,19,7.0,0,0
68.0,65279.0,665.0,48297.0,2,6.0,0,0
31.0,150365.0,358.0,21183.0,4,11.0,0,1
67.0,162504.0,429.0,20844.0,28,10.0,0,1
29.0,38220.0,407.0,46506.0,12,13.0,1,0
35.0,64231.0,343.0,26589.0,23,13.0,0,1
41.0,122941.0,574.0,18934.0,14,1.0,1,1
49.0,174097.0,719.0,46960.0,7,6.0,1,0
49.0,45446.0,760.0,36441.0,19,8.0,1,0
57.0,195524.0,422.0,11501.0,25,6.0,1,0
46.0,65952.0,817.0,25092.0,25,10.0,1,0
54.0,53570.0,649.0,33357.0,8,13.0,0,0
61.0,30446.0,613.0,8103.0,10,1.0,1,0
43.0,166747.0,695.0,25590.0,4,6.0,1,0
66.0,163223.0,500.0,24576.0,8,1.0,1,0
18.0,51995.0,346.0,33663.0,2,6.0,0,0
43.0,137354.0,796.0,36509.0,9,2.0,1,1
59.0,105572.0,456.0,23210.0,15,9.0,1,0
64.0,122092.0,582.0,25103.0,26,8.0,0,1
,70995.0,619.0,27748.0,18,4.0,1,0
50.0,147682.0,,48340.0,19,5.0,0,0
37.0,136845.0,689.0,40531.0,8,9.0,0,0
45.0,159491.0,828.0,30339.0,15,13.0,1,0
41.0,123396.0,385.0,46272.0,29,2.0,0,0
28.0,140217.0,372.0,8588.0,12,4.0,0,1
49.0,45657.0,342.0,9661.0,22,9.0,0,1
58.0,131111.0,758.0,48011.0,26,14.0,0,0
55.0,195142.0,768.0,45623.0,13,3.0,1,1
54.0,78339.0,362.0,49524.0,17,10.0,1,0
38.0,184965.0,848.0,48043.0,1,6.0,1,1
53.0,170484.0,650.0,38468.0,5,6.0,1,0
66.0,174918.0,561.0,28291.0,29,13.0,0,0
44.0,162228.0,694.0,22086.0,9,4.0,1,1
35.0,81704.0,607.0,20845.0,26,4.0,1,0
56.0,46858.0,798.0,15465.0,2,9.0,0,1
40.0,192669.0,780.0,24782.0,2,7.0,0,1
34.0,100228.0,463.0,29377.0,8,5.0,1,1
46.0,45748.0,808.0,16220.0,2,3.0,1,0
58.0,139533.0,459.0,6239.0,17,12.0,1,1
20.0,130556.0,697.0,24017.0,1,7.0,1,1
36.0,46815.0,623.0,,29,12.0,1,0
18.0,33790.0,514.0,24599.0,23,9.0,0,1
28.0,167204.0,622.0,5084.0,6,9.0,0,1
69.0,148923.0,429.0,23375.0,11,10.0,0,1
21.0,147825.0,396.0,47198.0,11,6.0,1,1
44.0,129134.0,365.0,21039.0,4,2.0,0,1
33.0,48564.0,627.0,5195.0,12,11.0,1,0
52.0,48168.0,527.0,30420.0,13,11.0,0,0
27.0,140664.0,364.0,5006.0,7,1.0,0,0
57.0,80471.0,477.0,,22,2.0,1,0
36.0,185042.0,642.0,27576.0,16,12.0,1,0
19.0,141735.0,417.0,48193.0,18,12.0,1,1
61.0,128648.0,626.0,46524.0,17,7.0,1,0
28.0,124991.0,790.0,14171.0,22,9.0,0,0
54.0,33300.0,487.0,10549.0,28,13.0,0,1
69.0,191516.0,304.0,46302.0,22,5.0,0,1
53.0,,688.0,46286.0,8,4.0,1,0
29.0,68306.0,770.0,28278.0,23,7.0,0,1
29.0,164868.0,567.0,41663.0,26,7.0,1,0
41.0,54131.0,739.0,18390.0,9,14.0,0,1
23.0,192564.0,494.0,35116.0,5,12.0,0,0
59.0,38893.0,817.0,26407.0,1,,1,0
68.0,78674.0,827.0,7503.0,3,6.0,1,1
21.0,190538.0,539.0,19871.0,3,5.0,1,1
40.0,80901.0,831.0,42640.0,17,7.0,1,1
58.0,43638.0,430.0,28299.0,2,2.0,1,1
23.0,83602.0,737.0,31819.0,18,8.0,1,1
36.0,180552.0,475.0,38608.0,25,4.0,0,1
25.0,89075.0,674.0,6129.0,25,2.0,1,1
62.0,84173.0,361.0,26608.0,16,10.0,1,0
69.0,52914.0,651.0,29009.0,16,10.0,0,1
22.0,168177.0,619.0,,12,13.0,0,1
43.0,120667.0,343.0,30106.0,19,2.0,1,1
18.0,47444.0,412.0,42634.0,14,2.0,1,1
66.0,95836.0,400.0,30710.0,17,6.0,0,1
42.0,85369.0,840.0,24426.0,23,5.0,0,1
21.0,35133.0,398.0,22337.0,6,8.0,0,1
41.0,181316.0,386.0,43058.0,15,1.0,1,1
19.0,145967.0,728.0,34830.0,12,12.0,1,1
66.0,93884.0,376.0,37031.0,29,1.0,0,0
35.0,115033.0,405.0,30631.0,29,5.0,1,0
68.0,186420.0,327.0,9818.0,1,11.0,0,0
50.0,42034.0,,49336.0,5,1.0,0,0
52.0,65265.0,823.0,15053.0,22,14.0,1,1
59.0,108394.0,480.0,13713.0,28,6.0,1,1
60.0,82977.0,753.0,42592.0,2,7.0,0,1
57.0,89008.0,765.0,34962.0,22,5.0,1,1
65.0,68530.0,784.0,35402.0,15,12.0,1,1
67.0,70948.0,811.0,16671.0,27,14.0,1,0
34.0,71577.0,832.0,44655.0,25,2.0,0,1
56.0,79872.0,430.0,37295.0,4,10.0,0,0
27.0,,735.0,17410.0,13,9.0,1,0
37.0,81429.0,754.0,5520.0,8,5.0,0,1
50.0,37510.0,826.0,14692.0,13,8.0,1,1
62.0,130888.0,691.0,37797.0,29,3.0,0,1
26.0,47825.0,777.0,44994.0,19,5.0,1,0
,62841.0,507.0,29791.0,22,8.0,0,1
19.0,168842.0,471.0,31686.0,27,4.0,0,0
20.0,166373.0,797.0,38590.0,19,3.0,0,1
67.0,52778.0,844.0,38512.0,24,4.0,0,0
51.0,177768.0,523.0,46355.0,14,13.0,1,0
52.0,142504.0,333.0,27467.0,24,2.0,1,1
18.0,91631.0,594.0,17646.0,26,1.0,1,0
21.0,94570.0,656.0,6036.0,6,5.0,0,0
34.0,39876.0,588.0,13858.0,22,14.0,1,0
61.0,92965.0,785.0,21425.0,26,5.0,0,0
43.0,133979.0,793.0,9086.0,29,8.0,1,1
60.0,121675.0,726.0,36597.0,17,3.0,1,1
67.0,179157.0,574.0,11186.0,24,14.0,0,1
44.0,65990.0,655.0,29365.0,7,3.0,0,1
26.0,146345.0,484.0,12678.0,26,6.0,0,1
29.0,112818.0,775.0,6353.0,22,14.0,1,1
63.0,92052.0,338.0,,1,12.0,1,0
58.0,162033.0,535.0,44287.0,23,10.0,0,1
36.0,61295.0,505.0,30084.0,22,9.0,1,0
45.0,118900.0,564.0,13138.0,21,4.0,0,1
50.0,106411.0,448.0,40365.0,11,7.0,1,0
64.0,93072.0,674.0,28282.0,11,9.0,1,1
63.0,142851.0,722.0,20776.0,27,11.0,0,1
48.0,168777.0,817.0,27270.0,25,11.0,0,0
64.0,119924.0,756.0,41188.0,19,10.0,1,1
30.0,40627.0,318.0,19333.0,19,7.0,0,0
43.0,81747.0,416.0,40496.0,17,7.0,0,1
64.0,57164.0,576.0,33515.0,7,12.0,1,0
,154783.0,492.0,31585.0,11,3.0,0,1
,36248.0,716.0,34311.0,15,6.0,0,0
47.0,60644.0,633.0,33262.0,8,6.0,0,1
57.0,132093.0,653.0,25235.0,9,11.0,1,0
35.0,146423.0,650.0,11464.0,16,1.0,0,1
53.0,116607.0,774.0,36454.0,28,9.0,0,0
36.0,120224.0,311.0,42784.0,6,4.0,1,0
64.0,67201.0,495.0,37154.0,8,6.0,0,1
35.0,165251.0,747.0,33970.0,16,14.0,0,0
31.0,76465.0,681.0,12773.0,13,4.0,0,1
39.0,193969.0,503.0,,25,9.0,0,1
25.0,47910.0,817.0,6357.0,29,4.0,0,1
64.0,193390.0,455.0,22818.0,17,2.0,1,1
41.0,48044.0,339.0,45073.0,5,2.0,0,0
61.0,184110.0,803.0,26427.0,16,7.0,0,1
65.0,76224.0,788.0,44641.0,9,4.0,0,0
64.0,64550.0,,29462.0,11,1.0,0,1
36.0,63093.0,,32125.0,13,4.0,1,1
38.0,159334.0,323.0,21363.0,6,2.0,0,0
34.0,77141.0,572.0,39154.0,9,3.0,0,1
20.0,194500.0,648.0,35320.0,22,1.0,0,1
20.0,149399.0,755.0,16936.0,6,14.0,0,0
60.0,121566.0,788.0,30245.0,6,1.0,1,0
44.0,104003.0,541.0,24994.0,17,12.0,1,1
26.0,95443.0,405.0,40915.0,7,2.0,1,1
53.0,88717.0,843.0,28496.0,5,1.0,0,1
39.0,30074.0,656.0,48231.0,19,8.0,1,0
27.0,150137.0,393.0,45309.0,23,11.0,0,0
47.0,155440.0,774.0,23199.0,8,9.0,1,1
47.0,132422.0,473.0,18517.0,19,9.0,0,1
69.0,60725.0,563.0,40460.0,27,2.0,1,1
20.0,186072.0,604.0,46398.0,28,7.0,0,1
57.0,187250.0,358.0,29527.0,25,1.0,1,0
25.0,87195.0,417.0,19628.0,2,14.0,0,1
32.0,34533.0,338.0,49057.0,10,10.0,0,0
54.0,142140.0,,21368.0,22,8.0,1,1
36.0,89102.0,839.0,30546.0,11,1.0,1,0
35.0,52981.0,302.0,41836.0,8,10.0,0,1
,58484.0,375.0,19650.0,9,13.0,0,1
45.0,40038.0,410.0,47488.0,7,5.0,1,1
32.0,112101.0,696.0,45370.0,23,1.0,1,0
18.0,166907.0,326.0,33571.0,13,14.0,1,1
64.0,,849.0,38946.0,14,4.0,1,1
60.0,74585.0,534.0,49714.0,24,4.0,1,1
21.0,126262.0,757.0,45539.0,13,11.0,0,0
41.0,102376.0,413.0,42315.0,18,8.0,1,1
62.0,161242.0,800.0,18782.0,9,11.0,1,0
,177484.0,603.0,28208.0,8,10.0,1,1
30.0,91532.0,636.0,49945.0,6,4.0,0,1
59.0,91189.0,783.0,17073.0,10,5.0,1,1
34.0,120920.0,745.0,25672.0,28,12.0,1,1
30.0,167368.0,704.0,23854.0,24,13.0,1,1
26.0,70864.0,591.0,20210.0,9,5.0,1,0
44.0,106721.0,349.0,23792.0,4,12.0,0,1
36.0,182440.0,624.0,38967.0,6,10.0,1,0
60.0,59642.0,827.0,24319.0,10,10.0,1,1
25.0,140478.0,669.0,10458.0,7,1.0,1,1
49.0,133692.0,492.0,27683.0,1,2.0,1,0
19.0,91676.0,617.0,22317.0,27,5.0,1,1
39.0,174419.0,372.0,18205.0,16,5.0,1,1
,109932.0,713.0,44845.0,11,5.0,1,0
59.0,115821.0,630.0,34680.0,15,1.0,1,1
66.0,118220.0,723.0,46392.0,14,14.0,1,0
30.0,50210.0,748.0,19059.0,9,6.0,0,1
21.0,,833.0,28464.0,15,14.0,1,0
28.0,179861.0,491.0,10122.0,15,4.0,1,0
42.0,113891.0,,49272.0,3,8.0,1,0
54.0,88621.0,733.0,23046.0,10,9.0,0,0
36.0,173120.0,691.0,6917.0,16,10.0,0,0
